Question,Answer
Summary of paper,"This research paper provides a detailed overview of Natural Language Processing (NLP), covering its foundational concepts, historical evolution, linguistic levels, generation mechanisms, diverse applications, underlying approaches, and recent real-world implementations.

**1. Introduction to NLP:**
NLP is presented as a crucial branch of Artificial Intelligence (AI) and Linguistics focused on enabling computers to understand and generate human language. It aims to bridge the communication gap between users and machines, especially for those not fluent in machine-specific languages. The field is broadly divided into **Natural Language Understanding (NLU)** and **Natural Language Generation (NLG)**.

Linguistics, the science of language, underpins NLP with key areas like:
*   **Phonology:** Sound systems.
*   **Morphology:** Word formation.
*   **Syntax:** Sentence structure.
*   **Semantics:** Meaning.
*   **Pragmatics:** Contextual understanding.

The paper highlights several fundamental NLP tasks, some of which are direct applications while others serve as subtasks:
*   Automatic Summarization
*   Co-Reference Resolution
*   Discourse Analysis
*   Machine Translation
*   Morphological Segmentation
*   Named Entity Recognition (NER)
*   Optical Character Recognition (OCR)
*   Part-Of-Speech (POS) Tagging

A significant challenge in NLP is **ambiguity**, which can occur at lexical, morphological, and syntactic levels. Methods to address ambiguity include Minimizing, Preserving, Interactive, and Weighting approaches. The paper also mentions cross-lingual event extraction systems (e.g., Rospocher et al.) that utilize modular NLP tools for multiple languages.

**2. Levels of NLP:**
The paper describes seven distinct linguistic levels critical for understanding and generating natural language:

1.  **Phonology:** The study of the systematic organization of sounds in language. It deals with how sounds are used to encode meaning (e.g., Nikolai Trubetzkoy, Lass).
2.  **Morphology:** Focuses on the smallest units of meaning, called morphemes. Words are broken down into prefixes, roots, and suffixes (e.g., ""precancellation"" into ""pre-,"" ""cancella,"" ""-tion""). Morphemes can be Lexical (stand-alone words like ""table"") or Grammatical (affixes like ""-ed,"" ""-ing"").
3.  **Lexical:** Involves interpreting the meaning of individual words. This includes assigning a Part-of-Speech tag based on context and mapping words to semantic representations.
4.  **Syntactic:** Analyzes the grammatical structure of sentences using grammar rules and parsers. It uncovers structural dependencies between words, crucial for meaning (e.g., ""The cat chased the mouse"" vs. ""The mouse chased the cat""). Challenges include prepositional phrase attachment and conjunction scope.
5.  **Semantic:** Determines the possible meanings of a sentence by examining interactions among word-level meanings. It handles semantic disambiguation for words with multiple senses (e.g., ""file"" as a binder, tool, or queue) by considering sentence context.
6.  **Discourse:** Works with units of text longer than a single sentence, focusing on connections between sentences to convey overall meaning. Key tasks include **Anaphora Resolution** (replacing pronouns with their referents) and **Discourse/Text Structure Recognition** (identifying sentence functions in the text).
7.  **Pragmatic:** Concerned with the practical use of language in specific situations, utilizing external knowledge (world knowledge, intentions, plans, goals) to understand implicit meanings not literally encoded in the text.

**3. Natural Language Generation (NLG):**
NLG is the process of creating meaningful phrases, sentences, and paragraphs from an internal data representation, effectively the inverse of NLU. It involves four phases:
1.  **Identifying Goals:** What the generator aims to communicate.
2.  **Planning:** How these goals can be achieved based on the situation and available communicative resources.
3.  **Realizing Plans:** Transforming the plans into actual text.

Key components of NLG include:
*   **Speaker and Generator:** The application/speaker initiates the process, and the generator program translates intentions into fluent text.
*   **Content Selection:** Deciding which information to include, remove, or add by default.
*   **Textual Organization:** Structuring information sequentially and linguistically (e.g., modifications).
*   **Linguistic Resources:** Choosing specific words, idioms, and syntactic constructs.
*   **Realization:** Producing the actual text or voice output.
*   **Application or Speaker:** Maintains a model of the situation, stores history, structures relevant content, and deploys knowledge.

**4. History of NLP:**
The history of NLP dates back to the **late 1940s** with early work in **Machine Translation (MT)**, primarily between Russian and English. The **1966 ALPAC report** temporarily dampened MT research.
*   **1960s (AI influence):** Emergence of Question Answering (QA) systems like BASEBALL, followed by more sophisticated systems like LUNAR and Winograd's SHRDLU. DARPA's Speech Understanding Research (SUR) project also advanced the field.
*   **Early 1980s:** Focus shifted to computational grammar theory, linking it with logic for meaning representation, user beliefs, and intentions.
*   **Late 1980s:** Development of general-purpose sentence processors like SRI's Core Language Engine (CLE) and Discourse Representation Theory (DRT) enabled handling more extended discourse. Practical resources, grammars, and tools like Alvey Natural Language Tools became available.
*   **1990s:** Marked by DARPA's emphasis on rigorous evaluation in speech recognition and message understanding. User modeling, rhetorical schemas, word sense disambiguation, probabilistic networks, and statistical NLP (e.g., Manning and Schuetze) gained prominence. Information extraction and automatic summarization also became key areas.
*   **Recent Research:** Primarily focuses on unsupervised and semi-supervised learning algorithms.

**5. Related Work (Specific NLP Tools and Tasks):**
This section highlights research and development in specific NLP subfields:
*   **Sentiment Analyzer:** Extracts sentiments (positive/negative) about a topic using feature extraction, sentiment lexicons, and pattern databases (e.g., Jeonghee et al.).
*   **Parts of Speech (POS) Taggers:** Tools that classify words as nouns, verbs, adjectives, etc. Research extends beyond European languages to Arabic (SVM), Sanskrit (Treebank), and Hindi.
*   **Chunking (Shallow Parsing):** Labels segments of sentences with syntactic keywords like Noun Phrase (NP) or Verb Phrase (VP). Evaluated using the CoNLL 2000 shared task.
*   **Named Entity Recognition (NER):** Identifies proper names (persons, organizations, locations) in text, with advancements for noisy data like tweets.
*   **Emotion Detection:** Similar to sentiment analysis but categorizes statements into emotion groups, particularly in mixed-language social media contexts.
*   **Semantic Role Labelling (SRL):** Assigns semantic roles (e.g., agent, patient) to words that are arguments of a verb in a sentence (e.g., PropBank formalism).
*   **Event Discovery in Social Media Feeds:** Uses graphical models to extract event records (person, venue, time) from noisy social media data by aggregating information across multiple messages.

**6. Applications of NLP:**
NLP has a wide array of practical applications across various domains:

*   **Machine Translation:** Overcoming language barriers by translating text between human languages, often using statistical or neural network-based engines (e.g., Google Translate). Evaluation metrics include BLEU and NIST scores.
*   **Text Categorization:** Assigning large flows of data (e.g., documents, news articles, trouble tickets) to predefined categories (e.g., Carnegie Group’s Construe system for Reuters articles, email spam filters).
*   **Spam Filtering:** A specific application of text categorization that uses various machine learning techniques (Rule Learning, Naïve Bayes, SVM, Decision Trees, Maximum Entropy) to identify and block unwanted emails. It utilizes models like Multi-variate Bernoulli (word presence) and Multi-nomial (word frequency).
*   **Information Extraction:** Identifying and extracting specific entities (names, places, dates, prices) and relations from textual data. Techniques include Hidden Markov Models (HMMs) and knowledge discovery methods like POS tagging, chunking, stemming, and Word Sense Disambiguation (WSD). Examples include CONSTRUE for news classification, PROMETHEE for semantic relations, BSLP for questionnaire analysis, and MITA for life insurance applications.
*   **Summarization:** Condensing large volumes of text into shorter, coherent summaries while retaining key information. Types include single/multi-document, generic/query-focused, and supervised/unsupervised approaches. Techniques mentioned are Bayesian Sentence-based Topic Model (BSTM), Factorization with Given Bases (FGB), and Topic Aspect-Oriented Summarization (TAOS).
*   **Dialogue System:** Enables interactive communication between humans and machines, currently seen in virtual assistants (Google Assistant, Cortana, Siri, Alexa). The goal is fully automated, natural language interaction, even with robots.
*   **Medicine:** NLP is applied for tasks like extracting and summarizing clinical information from patient records. Examples include the Linguistic String Project-Medical Language Processor (LSP-MLP) for signs, symptoms, drug data; The Specialist System for biomedical knowledge extraction from Medline abstracts; RECIT for robust multilingual medical text analysis; and MEDLEE for transforming clinical narrative into structured data.

**7. Approaches:**
The paper discusses two main approaches to NLP:

*   **Rationalist (Symbolic) Approach:** Assumes that a crucial part of human language knowledge is innate or firm in advance (e.g., Noam Chomsky's theories). It relies on encoding linguistic knowledge directly into rules and reasoning mechanisms.
*   **Statistical and Machine Learning Approach:** Involves algorithms that infer patterns from data. This iterative process optimizes numerical parameters through a learning phase.
    *   **Generative Models:** Can generate synthetic data and create rich probability distribution models, often requiring deep knowledge (e.g., Naive Bayes classifiers, Hidden Markov Models). They can be complex with many features.
    *   **Discriminative Models:** More functional, focused on estimating posterior probabilities based on observations, and allow for the use of more features (e.g., Logistic Regression, Conditional Random Fields).

The paper further elaborates on two specific statistical models:
*   **Hidden Markov Model (HMM):** A system where shifts occur between hidden states, generating observable output symbols. Used extensively in speech recognition (Frederick Jelinek) and bioinformatics (e.g., Pfam for protein domains).
*   **Naive Bayes Classifiers:** Used for tasks like word segmentation, translation, and identifying opinions/facts in documents, valued for performance despite simplicity.

**8. NLP in Talk (Current Trends and Examples):**
The paper concludes with recent real-world applications and developments in NLP:
*   **RAVN Systems' ACE Powered GDPR Robot:** Uses AI to automatically analyze documents for General Data Protection Regulation (GDPR) compliance, identifying personal data and expediting Data Subject Access Requests (DSARs).
*   **Capital One's Eno Chatbot:** The first natural language SMS chatbot from a U.S. bank, allowing customers to interact with their accounts via text, prioritizing privacy.
*   **Future of BI in Natural Language Processing:** Businesses are integrating NLP to make data more accessible through natural language queries (text or voice) for Business Intelligence (BI), aiming for systems that ""understand"" queries and provide direct answers.
*   **NLP and Network Analysis for Medication Therapy Management (MTM) Research:** A theory derivation process using NLP (Meta Map) to extract concepts from medical abstracts and network analysis to develop a conceptual framework for MTM research.
*   **Waverly Labs' Pilot Earbuds:** The world's first language-translating smart earpiece, capable of real-time translation of spoken and written languages using speech recognition, machine translation, machine learning, and speech synthesis technologies."
what is nlp,"Based on the provided paper, Natural Language Processing (NLP) can be defined as follows:

Natural Language Processing (NLP) is a **tract of Artificial Intelligence (AI) and Linguistics** devoted to **making computers understand the statements or words written in human languages**. Its core purpose is to **ease user interaction** with computers by allowing communication in natural language, accommodating users who are not well-versed in machine-specific languages.

Broadly, NLP is classified into two main parts:
1.  **Natural Language Understanding (NLU):** The task of making computers comprehend text.
2.  **Natural Language Generation (NLG):** The process of producing meaningful phrases, sentences, and paragraphs from an internal representation.

To achieve this understanding and generation, NLP operates at various **linguistic levels**:
*   **Phonology:** Deals with the systematic arrangement of sounds in language.
*   **Morphology:** Focuses on word formation and the smallest units of meaning (morphemes).
*   **Lexical:** Interprets the meaning of individual words, including part-of-speech tagging and semantic representations.
*   **Syntactic:** Scrutinizes word arrangements to uncover the grammatical structure of sentences.
*   **Semantic:** Determines possible meanings of a sentence by focusing on interactions among word-level meanings, including disambiguation of words with multiple senses.
*   **Discourse:** Works with units of text longer than a single sentence, making connections between component sentences (e.g., anaphora resolution, text structure recognition).
*   **Pragmatic:** Concerned with the practical use of language in situations, utilizing world knowledge to understand intentions, plans, and goals not literally encoded in the text.

NLP tasks and applications include:
*   Automatic Summarization
*   Co-Reference Resolution
*   Discourse Analysis
*   Machine Translation
*   Morphological Segmentation
*   Named Entity Recognition (NER)
*   Optical Character Recognition (OCR)
*   Part-Of-Speech Tagging
*   Sentiment Analysis
*   Chunking (Shallow Parsing)
*   Semantic Role Labelling
*   Event Discovery in Social Media Feeds
*   Text Categorization (e.g., email spam filtering)
*   Information Extraction
*   Dialogue Systems (e.g., chatbots, virtual assistants)
*   Applications in Medicine (e.g., extracting and summarizing clinical information)

A major challenge in NLP is **ambiguity**, particularly at the syntactic level, which can arise from lexical and morphological variations."
Short summary of paper,"This paper provides a detailed overview of Natural Language Processing (NLP), a field in AI dedicated to computationally analyzing and generating human language. It outlines NLP's foundational aspects, including its linguistic levels (from Phonology to Pragmatic) and Natural Language Generation components, tracing its historical evolution. The research extensively covers state-of-the-art applications such as machine translation, spam filtering, information extraction, summarization, dialogue systems, and medical applications. Finally, it discusses current trends, challenges, and real-world implementations of NLP technologies."
Short summary of paper,"Natural Language Processing (NLP) is a field of AI and linguistics focused on enabling computers to understand and generate human language. It processes language through various levels, from phonology to pragmatics, broadly divided into Natural Language Understanding and Generation. Evolving from early rule-based systems, modern NLP heavily relies on statistical and machine learning approaches like HMMs and Naive Bayes classifiers. Its diverse applications span machine translation, spam detection, information extraction, text summarization, dialogue systems, and medical informatics. Current trends emphasize real-world integration, driving advancements for more intuitive human-computer interaction."
what is the full form of nlp,"NLP stands for Natural Language Processing. It is a field of Artificial Intelligence and Linguistics. This discipline focuses on enabling computers to understand, interpret, and generate human language."
what is the full form of nlp and what are the features of nlp,"NLP stands for Natural Language Processing, a field dedicated to enabling computers to understand and process human language. Its features encompass various levels of linguistic analysis, such as phonology, morphology, syntax, semantics, discourse, and pragmatics. NLP also includes capabilities like machine translation, named entity recognition, sentiment analysis, and automatic summarization."
